<?xml version="1.0" encoding="utf-8"?>
<nltest-ignore-list>
  <!-- Tests that require Python are disabled -->
  <ignore test="baseline\feat-import_py.test" reason="Requires Python integration" />
  <ignore test="baseline\dir-import_py.test" reason="Requires Python integration" />
  <ignore test="baseline\dir-python_py.test" reason="Requires Python integration" />
  <ignore test="baseline\feat-option_py.test" reason="Requires Python integration" />
  <ignore test="baseline\feat-value_py.test" reason="Requires Python integration" />
  <ignore test="regress\4D9288AE_py.test" reason="Requires Python integration" />
  <ignore test="regress\78AB4B87_py.test" reason="Requires Python integration" />
  <ignore test="regress\9188F587_py.test" reason="Requires Python integration" />
  <ignore test="regress\B21BF389_py.test" reason="Requires Python integration" />
  <ignore test="regress\xact_code_py.test" reason="Requires Python integration" />
  <!-- Disabled till internal pager is done -->
  <ignore test="baseline\opt-pager.test" reason="Windows environment does not have 'cat' application. Disabled for further decision." />
  <!-- .Net DateTime does not generate error messages with expected information. Disabled till replacement for date parser is done -->
  <ignore test="regress\BF3C1F82.test" reason=".Net DateTime runtime does not generate such messages as it is expected. Disabled for further decision." />
</nltest-ignore-list>